{
  "val": {
    "accuracy": 0.6460261729971274,
    "f1_macro": 0.6559428303336828,
    "precision_macro": 0.6639131477841155,
    "recall_macro": 0.6501084920244131,
    "confusion_matrix": [
      [
        1554,
        677,
        138
      ],
      [
        724,
        1388,
        178
      ],
      [
        179,
        322,
        1106
      ]
    ],
    "classification_report": {
      "cats": {
        "precision": 0.6324786324786325,
        "recall": 0.6559729843815956,
        "f1-score": 0.6440116038126813,
        "support": 2369.0
      },
      "dogs": {
        "precision": 0.5814830330959363,
        "recall": 0.6061135371179039,
        "f1-score": 0.5935428693607013,
        "support": 2290.0
      },
      "wildlife": {
        "precision": 0.7777777777777778,
        "recall": 0.6882389545737398,
        "f1-score": 0.7302740178276659,
        "support": 1607.0
      },
      "accuracy": 0.6460261729971274,
      "macro avg": {
        "precision": 0.6639131477841155,
        "recall": 0.6501084920244131,
        "f1-score": 0.6559428303336828,
        "support": 6266.0
      },
      "weighted avg": {
        "precision": 0.6511054763837317,
        "recall": 0.6460261729971274,
        "f1-score": 0.6476902341074541,
        "support": 6266.0
      }
    }
  },
  "test": {
    "accuracy": 0.6431535269709544,
    "f1_macro": 0.654172271910995,
    "precision_macro": 0.6631807825454752,
    "recall_macro": 0.6477205174459675,
    "confusion_matrix": [
      [
        1556,
        696,
        118
      ],
      [
        746,
        1364,
        179
      ],
      [
        194,
        303,
        1110
      ]
    ],
    "classification_report": {
      "cats": {
        "precision": 0.6233974358974359,
        "recall": 0.6565400843881857,
        "f1-score": 0.6395396629675298,
        "support": 2370.0
      },
      "dogs": {
        "precision": 0.5772323317816335,
        "recall": 0.5958934032328528,
        "f1-score": 0.586414445399828,
        "support": 2289.0
      },
      "wildlife": {
        "precision": 0.7889125799573561,
        "recall": 0.6907280647168638,
        "f1-score": 0.7365627073656271,
        "support": 1607.0
      },
      "accuracy": 0.6431535269709544,
      "macro avg": {
        "precision": 0.6631807825454752,
        "recall": 0.6477205174459675,
        "f1-score": 0.654172271910995,
        "support": 6266.0
      },
      "weighted avg": {
        "precision": 0.6489816863256548,
        "recall": 0.6431535269709544,
        "f1-score": 0.6450156299856072,
        "support": 6266.0
      }
    }
  }
}