{
  "val": {
    "accuracy": 0.9963293967443345,
    "f1_macro": 0.996415291282278,
    "precision_macro": 0.9962471387304938,
    "recall_macro": 0.9965866284910828,
    "confusion_matrix": [
      [
        2357,
        9,
        3
      ],
      [
        5,
        2281,
        4
      ],
      [
        0,
        2,
        1605
      ]
    ],
    "classification_report": {
      "cats": {
        "precision": 0.997883149872989,
        "recall": 0.9949345715491769,
        "f1-score": 0.9964066793489749,
        "support": 2369.0
      },
      "dogs": {
        "precision": 0.9952006980802792,
        "recall": 0.9960698689956332,
        "f1-score": 0.9956350938454823,
        "support": 2290.0
      },
      "wildlife": {
        "precision": 0.9956575682382134,
        "recall": 0.998755444928438,
        "f1-score": 0.9972041006523765,
        "support": 1607.0
      },
      "accuracy": 0.9963293967443345,
      "macro avg": {
        "precision": 0.9962471387304938,
        "recall": 0.9965866284910828,
        "f1-score": 0.996415291282278,
        "support": 6266.0
      },
      "weighted avg": {
        "precision": 0.9963320288560101,
        "recall": 0.9963293967443345,
        "f1-score": 0.9963292017287337,
        "support": 6266.0
      }
    }
  },
  "test": {
    "accuracy": 0.994893073731248,
    "f1_macro": 0.995031320621829,
    "precision_macro": 0.9949064560008977,
    "recall_macro": 0.9951575259472635,
    "confusion_matrix": [
      [
        2357,
        10,
        3
      ],
      [
        10,
        2274,
        5
      ],
      [
        2,
        2,
        1603
      ]
    ],
    "classification_report": {
      "cats": {
        "precision": 0.9949345715491769,
        "recall": 0.9945147679324895,
        "f1-score": 0.9947246254484068,
        "support": 2370.0
      },
      "dogs": {
        "precision": 0.994750656167979,
        "recall": 0.9934469200524246,
        "f1-score": 0.9940983606557378,
        "support": 2289.0
      },
      "wildlife": {
        "precision": 0.9950341402855369,
        "recall": 0.9975108898568762,
        "f1-score": 0.9962709757613425,
        "support": 1607.0
      },
      "accuracy": 0.994893073731248,
      "macro avg": {
        "precision": 0.9949064560008977,
        "recall": 0.9951575259472635,
        "f1-score": 0.995031320621829,
        "support": 6266.0
      },
      "weighted avg": {
        "precision": 0.9948929221160088,
        "recall": 0.994893073731248,
        "f1-score": 0.9948924302429277,
        "support": 6266.0
      }
    }
  }
}