{
  "val": {
    "accuracy": 0.9869135014363231,
    "f1_macro": 0.987396846521539,
    "precision_macro": 0.9882569677784687,
    "recall_macro": 0.9867369853821151,
    "confusion_matrix": [
      [
        2362,
        4,
        3
      ],
      [
        50,
        2237,
        3
      ],
      [
        20,
        2,
        1585
      ]
    ],
    "classification_report": {
      "cats": {
        "precision": 0.9712171052631579,
        "recall": 0.9970451667370198,
        "f1-score": 0.9839616746511144,
        "support": 2369.0
      },
      "dogs": {
        "precision": 0.9973250111457869,
        "recall": 0.9768558951965065,
        "f1-score": 0.9869843370836091,
        "support": 2290.0
      },
      "wildlife": {
        "precision": 0.9962287869264613,
        "recall": 0.9863098942128189,
        "f1-score": 0.9912445278298937,
        "support": 1607.0
      },
      "accuracy": 0.9869135014363231,
      "macro avg": {
        "precision": 0.9882569677784687,
        "recall": 0.9867369853821151,
        "f1-score": 0.987396846521539,
        "support": 6266.0
      },
      "weighted avg": {
        "precision": 0.9871731979704909,
        "recall": 0.9869135014363231,
        "f1-score": 0.9869341358749749,
        "support": 6266.0
      }
    }
  },
  "test": {
    "accuracy": 0.9877114586658156,
    "f1_macro": 0.9881808359896578,
    "precision_macro": 0.9891868766739523,
    "recall_macro": 0.987343523957457,
    "confusion_matrix": [
      [
        2362,
        7,
        1
      ],
      [
        44,
        2244,
        1
      ],
      [
        22,
        2,
        1583
      ]
    ],
    "classification_report": {
      "cats": {
        "precision": 0.9728171334431631,
        "recall": 0.9966244725738397,
        "f1-score": 0.9845769070446019,
        "support": 2370.0
      },
      "dogs": {
        "precision": 0.996005326231691,
        "recall": 0.9803407601572739,
        "f1-score": 0.988110964332893,
        "support": 2289.0
      },
      "wildlife": {
        "precision": 0.9987381703470032,
        "recall": 0.985065339141257,
        "f1-score": 0.9918546365914787,
        "support": 1607.0
      },
      "accuracy": 0.9877114586658156,
      "macro avg": {
        "precision": 0.9891868766739523,
        "recall": 0.987343523957457,
        "f1-score": 0.9881808359896578,
        "support": 6266.0
      },
      "weighted avg": {
        "precision": 0.9879356906722425,
        "recall": 0.9877114586658156,
        "f1-score": 0.9877343868586345,
        "support": 6266.0
      }
    }
  }
}