{
  "val": {
    "accuracy": 0.509256303862113,
    "f1_macro": 0.5103794852004446,
    "precision_macro": 0.514971912526747,
    "recall_macro": 0.5086696442708485,
    "confusion_matrix": [
      [
        1348,
        659,
        362
      ],
      [
        976,
        1023,
        291
      ],
      [
        380,
        407,
        820
      ]
    ],
    "classification_report": {
      "cats": {
        "precision": 0.4985207100591716,
        "recall": 0.5690164626424652,
        "f1-score": 0.5314409619554504,
        "support": 2369.0
      },
      "dogs": {
        "precision": 0.4897079942556247,
        "recall": 0.4467248908296943,
        "f1-score": 0.4672299611783512,
        "support": 2290.0
      },
      "wildlife": {
        "precision": 0.5566870332654447,
        "recall": 0.5102675793403858,
        "f1-score": 0.5324675324675324,
        "support": 1607.0
      },
      "accuracy": 0.509256303862113,
      "macro avg": {
        "precision": 0.514971912526747,
        "recall": 0.5086696442708485,
        "f1-score": 0.5103794852004446,
        "support": 6266.0
      },
      "weighted avg": {
        "precision": 0.5102175121980733,
        "recall": 0.509256303862113,
        "f1-score": 0.5082374041886708,
        "support": 6266.0
      }
    }
  },
  "test": {
    "accuracy": 0.511490584104692,
    "f1_macro": 0.5123131147473816,
    "precision_macro": 0.5152730221733343,
    "recall_macro": 0.5113342296791968,
    "confusion_matrix": [
      [
        1331,
        647,
        392
      ],
      [
        942,
        1045,
        302
      ],
      [
        376,
        402,
        829
      ]
    ],
    "classification_report": {
      "cats": {
        "precision": 0.5024537561343904,
        "recall": 0.5616033755274261,
        "f1-score": 0.5303845387527396,
        "support": 2370.0
      },
      "dogs": {
        "precision": 0.4990448901623687,
        "recall": 0.4565312363477501,
        "f1-score": 0.47684234542550763,
        "support": 2289.0
      },
      "wildlife": {
        "precision": 0.5443204202232436,
        "recall": 0.5158680771624145,
        "f1-score": 0.5297124600638977,
        "support": 1607.0
      },
      "accuracy": 0.511490584104692,
      "macro avg": {
        "precision": 0.5152730221733343,
        "recall": 0.5113342296791968,
        "f1-score": 0.5123131147473816,
        "support": 6266.0
      },
      "weighted avg": {
        "precision": 0.5119457502264474,
        "recall": 0.511490584104692,
        "f1-score": 0.5106529538534413,
        "support": 6266.0
      }
    }
  }
}