{
  "val": {
    "accuracy": 0.7990743696137887,
    "f1_macro": 0.8006127575398599,
    "precision_macro": 0.8004097751489546,
    "recall_macro": 0.8008784830823034,
    "confusion_matrix": [
      [
        1915,
        337,
        117
      ],
      [
        327,
        1777,
        186
      ],
      [
        88,
        204,
        1315
      ]
    ],
    "classification_report": {
      "cats": {
        "precision": 0.8218884120171673,
        "recall": 0.8083579569438581,
        "f1-score": 0.8150670355394765,
        "support": 2369.0
      },
      "dogs": {
        "precision": 0.7666091458153581,
        "recall": 0.7759825327510917,
        "f1-score": 0.7712673611111112,
        "support": 2290.0
      },
      "wildlife": {
        "precision": 0.8127317676143387,
        "recall": 0.8182949595519602,
        "f1-score": 0.8155038759689922,
        "support": 1607.0
      },
      "accuracy": 0.7990743696137887,
      "macro avg": {
        "precision": 0.8004097751489546,
        "recall": 0.8008784830823034,
        "f1-score": 0.8006127575398599,
        "support": 6266.0
      },
      "weighted avg": {
        "precision": 0.7993374629017047,
        "recall": 0.7990743696137887,
        "f1-score": 0.7991718469230186,
        "support": 6266.0
      }
    }
  },
  "test": {
    "accuracy": 0.8024257899776572,
    "f1_macro": 0.8039996548397378,
    "precision_macro": 0.8030017109827238,
    "recall_macro": 0.8050951996488873,
    "confusion_matrix": [
      [
        1918,
        328,
        124
      ],
      [
        325,
        1776,
        188
      ],
      [
        105,
        168,
        1334
      ]
    ],
    "classification_report": {
      "cats": {
        "precision": 0.8168654173764907,
        "recall": 0.809282700421941,
        "f1-score": 0.8130563798219584,
        "support": 2370.0
      },
      "dogs": {
        "precision": 0.7816901408450704,
        "recall": 0.7758846657929227,
        "f1-score": 0.7787765840824381,
        "support": 2289.0
      },
      "wildlife": {
        "precision": 0.81044957472661,
        "recall": 0.8301182327317984,
        "f1-score": 0.820166000614817,
        "support": 1607.0
      },
      "accuracy": 0.8024257899776572,
      "macro avg": {
        "precision": 0.8030017109827238,
        "recall": 0.8050951996488873,
        "f1-score": 0.8039996548397378,
        "support": 6266.0
      },
      "weighted avg": {
        "precision": 0.8023702901631521,
        "recall": 0.8024257899776572,
        "f1-score": 0.8023571631233248,
        "support": 6266.0
      }
    }
  }
}